Learning Rate,Total Reward,Loss
0.001,-62.80000305175781,10.265465140342712
0.0009998000000000001,-61.70000076293945,6.391055278480053
